AnimalID	TreatmentID	replicate	generation	AnimalID_of_donor	Date_inoculated	Date_dissected	BWi34	Body_weight_at_dissection_g_5_6_weeks_old_	Fat_mass_g_	Lean_mass_g_	Water_mass_g_	Tail_length_mm_	Body_length_mm_	dist_trav	Post_QC_sequences	Batch	Generation_num	med_BM34	Generation_num_TreatmentID	Indolelactic_acid	Indoxylsulfate	Indole_3_propionic_acid	Cortisol	Tryptophan	Thyroxine_T4	Kynurenine	Serotonin	Corticosterone	Glutamic_acid	Kynurenic_acid	y_Aminobutyric_acid_GABA
R1N1C001	Control	R1	N0	TSU201	2020_09_15	2020_09_30	6.71	16.31	1.35	14.63	13.94	77	85	137.7855	4112221	R1_N1	0	7.225	0_Control	0.18496805534765	0.727488328711547	-0.0312492050453819	0.931516715299279	1.61203542506725	0.152199788894292	-0.523858201581202	0.830975486224795	0.574898822416098	-1.22096543770336	0.138820653963281	1.50614751554179
R1N1C003	Control	R1	N0	TSU201	2020_09_15	2020_09_30	7.29	17.85	1.59	16.03	14.53	77	88	194.0908	2825223	R1_N1	0	7.225	0_Control	0.297384374891429	0.209666465625529	-0.00806461496387991	1.61211592865879	0.807587335946978	0.184997552585502	1.92013349716196	-0.439900649445856	2.41863837548904	2.41634807325838	0.0823574721783491	0.649169967789664
R1N1C005	Control	R1	N0	TSU201	2020_09_15	2020_09_30	6.95	18.53	1.59	16.73	15.26	76.5	90.5	143.281	1471559	R1_N1	0	7.225	0_Control	1.64809914598494	0.335864801678989	3.04698792390387	1.53809442914313	-0.0648935782343627	-0.665158396943485	0.573881653633839	-0.771108026577324	1.69973770775745	0.809015139911091	-0.0565793923106662	1.35081085420342
R1N1C007	Control	R1	N0	TSU201	2020_09_15	2020_09_30	7.11	18.35	1.52	16.77	15.06	75.5	94.5	176.4672	3531263	R1_N1	0	7.225	0_Control	0.489401049132813	0.461200123165071	1.30330607429979	0.695839554023872	-0.435933622203414	-0.838242448719064	-0.169663084595507	-1.44686626675858	-0.0493611260166311	1.1831115308284	-0.0676231101341395	1.60461215877947
R1N1C009	Control	R1	N0	TSU201	2020_09_15	2020_09_30	9.01	20.3	1.73	18.36	16.73	77	95	257.3217	3131663	R1_N1	0	7.225	0_Control	-0.416778070307149	-0.503762447485577	0.0289954528806799	1.05025708399262	-0.00052411014204921	-0.486388528971951	-0.482239073512914	1.12731278736738	-0.618815608118023	-0.680775030976971	-0.188425498119633	2.23079731147261
R1N1C011	Control	R1	N0	TSU201	2020_09_15	2020_09_30	6.49	15.7	1.42	14.38	13.19	72	93	191.6231	4221777	R1_N1	0	7.225	0_Control	-0.730531431316887	-0.329164433296658	1.47670538164838	1.25119634064103	-0.581961614127448	-0.506991840454802	1.28918148897786	-1.0846070340237	0.545267129211569	0.772067678343762	0.20167937304111	2.5788074186211
R1N1C015	Control	R1	N0	TSU201	2020_09_15	2020_09_30	7.78	18.96	1.76	17.28	15.49	74	94	125.6289	2414141	R1_N1	0	7.225	0_Control	-0.271230514295469	-0.897588185034572	0.541115881990338	0.0321478152306013	-1.30483737605056	-0.258554488763187	-0.428580972157703	0.319720807397477	-0.302219505318905	0.0816969200476559	-0.0216600446219095	1.41511146398003
R1N1T002	Selection	R1	N0	TSU201	2020_09_15	2020_09_30	9.01	21.25	1.85	18.77	17.17	79.5	96.5	330.003	1946465	R1_N1	0	7.225	0_Selection	1.0560398275208	-0.19750444627951	1.66299218116006	-0.557096248347649	-0.575790029814609	1.01104025269925	-0.350629458048914	0.457182614389531	-0.418908486095505	-0.801386653271406	0.0798106691799374	0.596093650260024
R1N1T004	Selection	R1	N0	TSU201	2020_09_15	2020_09_30	6.37	10.68	1.18	9.42	8.88	79	63	94.01964	1398963	R1_N1	0	7.225	0_Selection	0.446389525172163	1.9212706022964	0.844445348922832	-0.429964748346757	-0.302528701163434	0.347876151524308	-0.145745700226709	-0.119799487727747	0.019964560257314	-0.536882293783617	-0.0646663110939488	0.645330340467058
R1N1T006	Selection	R1	N0	TSU201	2020_09_15	2020_09_30	7.62	17.86	1.62	16.25	14.62	76	95	257.5259	1689857	R1_N1	0	7.225	0_Selection	0.783842357675539	1.29036439048223	1.3596141816016	0.687457386126924	-0.783134139814467	-1.29632043780555	0.0752194956233862	-1.38313547080573	0.194297151263695	1.88370290433953	-0.163421896857284	1.67791251976142
R1N1T008	Selection	R1	N0	TSU201	2020_09_15	2020_09_30	7.39	17.35	1.87	15.64	13.82	66.5	97.5	194.7362	3879966	R1_N1	0	7.225	0_Selection	0.465624825122643	-0.102768656772635	0.801034994967874	0.468494227647429	-0.165486471588223	0.363779510688679	-0.406251334126679	0.719101296635907	-0.866650193437056	0.134317968438302	-0.19362520569226	1.14473652639174
R1N1T010	Selection	R1	N0	TSU201	2020_09_15	2020_09_30	5.98	11.68	1.25	10.61	9.7	65	86	242.2747	3050304	R1_N1	0	7.225	0_Selection	-0.575907890225285	0.313376100380016	1.33971635961501	0.00109925040642919	-1.12342945450317	1.42329888816556	-1.05462705483613	-1.39586676174149	-0.383749902788853	1.65970454066696	-0.244423703102975	-0.0945976764124784
R1N1T012	Selection	R1	N0	TSU201	2020_09_15	2020_09_30	7.16	17.14	1.4	15.89	14.37	75	94	118.2428	3960241	R1_N1	0	7.225	0_Selection	0.219918166556286	1.06958374298524	1.42611358569724	1.97483288734973	0.581671166454857	-0.317922216619672	0.0958343420728819	1.38982836358565	1.02933398599606	-0.148853093055632	-0.176331324573701	1.19006207343182
R1N1T016	Selection	R1	N0	TSU201	2020_09_15	2020_09_30	7.98	18.59	1.56	17.12	15.58	75	97	136.5049	1206358	R1_N1	0	7.225	0_Selection	-0.641882807725885	-0.387017447253854	-0.129164332585983	0.735805885002979	1.38987354525726	-1.08638445576624	1.66479649790237	-0.976336773393032	0.346424155664115	-0.517531584644394	-0.0167843215913985	0.273543648612262
R1N2C049	Control	R1	N1	R1N1C005	2020_10_01	2020_10_15	9.19	17.5	1.63	15.24	13.72	84	92.5	273.2576	3583075	R1_N2	1	9.025	1_Control												
R1N2C051	Control	R1	N1	R1N1C005	2020_10_01	2020_10_15	10.85	21.98	1.77	19.91	16.45	86	101	217.6063	4520578	R1_N2	1	9.025	1_Control												
R1N2C053	Control	R1	N1	R1N1C005	2020_10_01	2020_10_15	7.43	19.34	1.38	17.31	15.73	79	95.5	153.0889	2961781	R1_N2	1	9.025	1_Control												
R1N2C055	Control	R1	N1	R1N1C005	2020_10_01	2020_10_15	9.85	22.56	1.64	20.53	18.55	83	97	214.9559	3321634	R1_N2	1	9.025	1_Control												
R1N2C057	Control	R1	N1	R1N1C009	2020_10_01	2020_10_15	8.52	19.05	1.43	17.42	15.51			172.4819	3342763	R1_N2	1	9.025	1_Control												
R1N2C059	Control	R1	N1	R1N1C009	2020_10_01	2020_10_15	8.99	19.31	1.42	17.62	15.89	85	97.5	166.5959	1679266	R1_N2	1	9.025	1_Control												
R1N2C061	Control	R1	N1	R1N1C009	2020_10_01	2020_10_15	8.78	18.94	1.54	17.22	15.31	81.5	-65.5	154.9663	2837611	R1_N2	1	9.025	1_Control												
R1N2C063	Control	R1	N1	R1N1C009	2020_10_01	2020_10_15	8.71	20.81	1.64	18.86	16.89	84	94.5	132.0544	1562831	R1_N2	1	9.025	1_Control												
R1N2T050	Selection	R1	N1	R1N1T012	2020_10_01	2020_10_15	9.06	18.52	1.21	16.87	15.61	85.5	94.5	91.60765	1010164	R1_N2	1	9.025	1_Selection												
R1N2T052	Selection	R1	N1	R1N1T012	2020_10_01	2020_10_15	10.02	19.91	1.67	17.92	16.34	82.5	99.5	204.6414	3712123	R1_N2	1	9.025	1_Selection												
R1N2T054	Selection	R1	N1	R1N1T012	2020_10_01	2020_10_15	7.12	17.06	1.29	15.87	14.52	79.5	94.5	202.4398	1153872	R1_N2	1	9.025	1_Selection												
R1N2T056	Selection	R1	N1	R1N1T012	2020_10_01	2020_10_15	9.65	21.22	2	19.39	17.1	86.5	96.5	202.0165	3395370	R1_N2	1	9.025	1_Selection												
R1N2T058	Selection	R1	N1	R1N1T004	2020_10_01	2020_10_15	9.42	20.6	1.51	19.02	17.15	88	99	164.5509	1214058	R1_N2	1	9.025	1_Selection												
R1N2T060	Selection	R1	N1	R1N1T004	2020_10_01	2020_10_15	8.36	19.83	1.29	17.65	15.6	79	98.5	221.7162	1373591	R1_N2	1	9.025	1_Selection												
R1N2T062	Selection	R1	N1	R1N1T004	2020_10_01	2020_10_15	8.22	18.91	1.59	17.66	15.78	84.5	94	162.7693	1026379	R1_N2	1	9.025	1_Selection												
R1N2T064	Selection	R1	N1	R1N1T004	2020_10_01	2020_10_15	10.55	19.01	1.58	17.76	15.86	84	99	250.7767	1348666	R1_N2	1	9.025	1_Selection												
R1N3C113	Control	R1	N2	R1N2C059	2020_10_15	2020_10_29	15	20.62	1.89	18.34	16.47	86	94	238.9769	2691539	R1_N3	2	13.39	2_Control												
R1N3C115	Control	R1	N2	R1N2C059	2020_10_15	2020_10_29	17.25	21.34	1.77	19.32	17.01	86.5	95	172.9477	3673658	R1_N3	2	13.39	2_Control												
R1N3C117	Control	R1	N2	R1N2C059	2020_10_15	2020_10_29	13.52	20.5	1.8	18.46	16.85	82.5	94	122.2566	3875166	R1_N3	2	13.39	2_Control												
R1N3C119	Control	R1	N2	R1N2C059	2020_10_15	2020_10_29	13.24	20.85	1.76	18.94	17	83	97.5	102.2449	3553630	R1_N3	2	13.39	2_Control												
R1N3C121	Control	R1	N2	R1N2C055	2020_10_15	2020_10_29	11.63	19.56	2	17.91	15.54	81	90	245.1726	2300566	R1_N3	2	13.39	2_Control												
R1N3C123	Control	R1	N2	R1N2C055	2020_10_15	2020_10_29	11.69	20.3	1.74	18.78	17.33	84	94	216.7647	1865644	R1_N3	2	13.39	2_Control												
R1N3C125	Control	R1	N2	R1N2C055	2020_10_15	2020_10_29	9.56	17.89	1.72	16.62	14.97	82.5	89.5	212.1348	3312804	R1_N3	2	13.39	2_Control												
R1N3C127	Control	R1	N2	R1N2C055	2020_10_15	2020_10_29	13.26	20	2.18	17.81	15.85	83.5	96.5	138.9129	640512	R1_N3	2	13.39	2_Control												
R1N3T114	Selection	R1	N2	R1N2T050	2020_10_15	2020_10_29	13.82	20.45	2.25	17.38	15.08	81.5	94.5	194.0295	3471984	R1_N3	2	13.39	2_Selection												
R1N3T116	Selection	R1	N2	R1N2T050	2020_10_15	2020_10_29	14.2	20.86	2.46	17.9	16.18	83	94	287.0581	3573769	R1_N3	2	13.39	2_Selection												
R1N3T118	Selection	R1	N2	R1N2T050	2020_10_15	2020_10_29	16.19	20.68	1.44	19.01	16.83	84	94	141.8052	2808781	R1_N3	2	13.39	2_Selection												
R1N3T120	Selection	R1	N2	R1N2T050	2020_10_15	2020_10_29	13.52	20.77	2.19	18.78	16.52	83	95	152.8117	1094608	R1_N3	2	13.39	2_Selection												
R1N3T122	Selection	R1	N2	R1N2T062	2020_10_15	2020_10_29	11.99	21.21	1.89	19.43	17.56	81.5	96	213.6062	2296026	R1_N3	2	13.39	2_Selection												
R1N3T124	Selection	R1	N2	R1N2T062	2020_10_15	2020_10_29	9.52	17.11	1.9	15.74	14.22	82	96	230.5264	2281942	R1_N3	2	13.39	2_Selection												
R1N3T126	Selection	R1	N2	R1N2T062	2020_10_15	2020_10_29	12.69	19.15	1.95	17.88	15.6	82	93	214.8561	1391892	R1_N3	2	13.39	2_Selection												
R1N3T128	Selection	R1	N2	R1N2T062	2020_10_15	2020_10_29	16.53	22.9	2.32	21.47	18.79	85	98	268.1388	2492953	R1_N3	2	13.39	2_Selection												
R1N4C177	Control	R1	N3	R1N3C125	2020_10_29	2020_11_12	8.65	16.73	1.75	14.68	14.03	75	95	156.5519	875059	R1_N4	3	12.04	3_Control												
R1N4C179	Control	R1	N3	R1N3C125	2020_10_29	2020_11_12	13.16	18.56	1.74	16.54	15.14	81	97	188.0034	3123698	R1_N4	3	12.04	3_Control												
R1N4C181	Control	R1	N3	R1N3C125	2020_10_29	2020_11_12	13.32	19.78	1.73	17.73	15.24	84	96	208.9057	1211055	R1_N4	3	12.04	3_Control												
R1N4C183	Control	R1	N3	R1N3C125	2020_10_29	2020_11_12	13.06	21.59	2.02	19.52	17.43	84	94	176.521	2078980	R1_N4	3	12.04	3_Control												
R1N4C185	Control	R1	N3	R1N3C127	2020_10_29	2020_11_12	8.93	19.24	1.88	17.12	15.72	80	92	315.9119	2330768	R1_N4	3	12.04	3_Control												
R1N4C187	Control	R1	N3	R1N3C127	2020_10_29	2020_11_12	9.9	19.38	1.48	18.2	16.19	80.5	94.5	165.0492	3347663	R1_N4	3	12.04	3_Control												
R1N4C189	Control	R1	N3	R1N3C127	2020_10_29	2020_11_12	12.2	19.88	2.27	18.03	15.92	82	94	238.2787	2557713	R1_N4	3	12.04	3_Control												
R1N4C191	Control	R1	N3	R1N3C127	2020_10_29	2020_11_12	13.07	19.84	1.83	18.46	16.24	81	98	236.9539	2995339	R1_N4	3	12.04	3_Control												
R1N4T178	Selection	R1	N3	R1N3T118	2020_10_29	2020_11_12	9.47	18.43	1.77	16.03	14.65	80.5	94.5	154.1339	1140938	R1_N4	3	12.04	3_Selection												
R1N4T180	Selection	R1	N3	R1N3T118	2020_10_29	2020_11_12	10.26	18.25	1.49	16.23	14.61	78.5	93.5	157.7981	3268908	R1_N4	3	12.04	3_Selection												
R1N4T182	Selection	R1	N3	R1N3T118	2020_10_29	2020_11_12	12.88	18.75	1.84	16.89	15.05	83	95.5	406.8209	2730085	R1_N4	3	12.04	3_Selection												
R1N4T184	Selection	R1	N3	R1N3T118	2020_10_29	2020_11_12	12.48	21.58	1.65	18.53	17.77	83	99	203.6638	297591	R1_N4	3	12.04	3_Selection												
R1N4T186	Selection	R1	N3	R1N3T120	2020_10_29	2020_11_12	11.88	21.6	2.15	19.51	17.38	83.5	98.5	164.78	4650830	R1_N4	3	12.04	3_Selection												
R1N4T188	Selection	R1	N3	R1N3T120	2020_10_29	2020_11_12	8.95	18.58	1.66	17.03	15.2	81	95	158.2328	3970223	R1_N4	3	12.04	3_Selection												
R1N4T190	Selection	R1	N3	R1N3T120	2020_10_29	2020_11_12	9.31	16.12	1.88	14.26	12.81	76	90	144.6163	3260216	R1_N4	3	12.04	3_Selection												
R1N4T192	Selection	R1	N3	R1N3T120	2020_10_29	2020_11_12	12.82	19.28	1.12	18.25	16.28	83	99	226.5668	1755935	R1_N4	3	12.04	3_Selection												
R1N5C241	Control	R1	N4	R1N4C177	2020_11_12	2020_11_27	10.26	19.97	1.67	18.01	16.4	81	92	177.0303	242129	R1_N5	4	10.515	4_Control	-0.814789437859741	-0.450861468855694	-0.351248381014639	-0.990399841425806	1.2469604723744	0.693179637946762	0.342422137598649	-0.642857737121504	0.260288596931384	0.612943870279901	0.149266043589747	-0.0714735429717945
R1N5C243	Control	R1	N4	R1N4C177	2020_11_12	2020_11_27	10.66	19.65	1.43	18	16.33	82	94	162.2173	1042576	R1_N5	4	10.515	4_Control	0.774619263605597	-0.561049703644934	1.25242946116655	-0.423487029404992	0.250005460987572	-0.304017183499869	0.37112446720332	-1.03633976402348	0.150124493201948	0.254232422292553	-0.105315868022081	-0.224157700663606
R1N5C245	Control	R1	N4	R1N4C177	2020_11_12	2020_11_27	10.89	19.43	1.8	17.34	15.77	81	97	109.2692	592821	R1_N5	4	10.515	4_Control	0.113431511918199	-0.387617894517313	-0.0119580408833436	0.225214439399996	-0.714840356810313	0.454098666418186	0.356178136931186	-0.697354527689099	-0.667562458026503	0.445604358521733	-0.248370311222917	0.979867909464655
R1N5C247	Control	R1	N4	R1N4C177	2020_11_12	2020_11_27	11.35	19.13	1.44	17.6	15.21	82	93	121.6737	985317	R1_N5	4	10.515	4_Control	0.766317466235834	-0.0424327214916833	-0.371766241964075	-0.522044279603098	1.14403127133769	1.30687955624323	0.131769951133517	0.559188424872906	-0.97020929483372	-1.31928495990588	-0.039251954183187	-1.24085199683729
R1N5C249	Control	R1	N4	R1N4C187	2020_11_12	2020_11_27	10.96	17.86	1.56	16.37	14.76	81	95	132.9011	3339845	R1_N5	4	10.515	4_Control	-0.739610614418331	-0.428620386439599	-1.51925147346352	-0.355844513415875	0.997450579015142	-0.787385137242878	2.79555247524494	-1.33309853846004	-0.192127247661532	0.776933019509846	-0.110965438935409	-1.03304820182902
R1N5C251	Control	R1	N4	R1N4C187	2020_11_12	2020_11_27	13.73	19.12	1.19	17.91	15.9	82	101	178.2917	3460593	R1_N5	4	10.515	4_Control	-0.912054997191337	-0.0677661871916497	-1.49034538619027	-0.564344544803737	-0.52001796560772	-0.126119877600692	0.0187296898527366	-1.32151095943315	-1.23112477317964	0.728229044801159	-0.120208318591736	-1.00289629517881
R1N5C253	Control	R1	N4	R1N4C187	2020_11_12	2020_11_27	9.73	19.82	1.53	18.24	16.47	82	94	146.8035	3417395	R1_N5	4	10.515	4_Control	0.71526265164513	-0.368542910499532	-1.49554111579515	-0.663464697187503	-0.193271151604878	0.800096817261665	0.0694797958044245	-0.336621918519051	-1.2742410534418	0.169771791315909	-0.140970557574114	0.0653498187389893
R1N5C255	Control	R1	N4	R1N4C187	2020_11_12	2020_11_27	10.37	20.06	1.43	18.57	16.35	82	96	182.4102	3636706	R1_N5	4	10.515	4_Control	0.215514224418462	-0.812510958336003	-1.49383648530703	-0.117602644570649	0.282844010715095	1.79652263374175	0.779716016320115	0.66038312723497	-0.704017084177707	-1.21345610348266	-0.295844518798488	-0.22329408906225
R1N5T242	Selection	R1	N4	R1N4T178	2020_11_12	2020_11_27	10.31	18.28	1.58	16.32	14.66	79	93	187.325	330322	R1_N5	4	10.515	4_Selection	0.563650047816651	-0.266578817704212	-0.552949281197071	-0.474422161732178	-0.990658694417439	0.87640040152491	2.43362164359305	-0.998814035348918	-0.0774603859128347	1.56348154264476	0.00154074460685513	-0.692716646304582
R1N5T244	Selection	R1	N4	R1N4T178	2020_11_12	2020_11_27	10.11	18.33	1.48	16.64	14.91	80	94	142.2675	605206	R1_N5	4	10.515	4_Selection	1.56758948716787	-0.477088416515539	1.02707805769337	-0.0694189345510033	-0.274340507231152	-0.475838334667161	-0.54713301792066	-0.428676508061353	-0.671868692921032	0.0125092859833382	-0.25035063028445	-0.814211925825182
R1N5T246	Selection	R1	N4	R1N4T178	2020_11_12	2020_11_27	8.49	16.9	1.12	15.59	14.16			181.3251	982633	R1_N5	4	10.515	4_Selection	1.13322594247096	0.10038004283232	-0.347294358645044	-0.207858466516516	0.70532876367145	0.765968793657294	0.189338045430303	0.308754155748131	-1.23171312542812	-0.78390771696246	-0.169965920445902	-0.636306311801135
R1N5T248	Selection	R1	N4	R1N4T178	2020_11_12	2020_11_27	9.33	19.28	1.63	17.43	15.75	80	94	165.8571	250944	R1_N5	4	10.515	4_Selection	-0.215360811801343	-0.0524768052197157	0.48854034961908	-0.18931420422546	0.106227580111831	2.20644580120679	-0.120205775722224	-0.0173799317335578	-0.0655605767300129	0.0366714983124838	-0.256086642498104	0.0816350206868801
R1N5T250	Selection	R1	N4	R1N4T190	2020_11_12	2020_11_27	11.75	18.7	1.48	17.03	15.12	81	97	175.7903	1191862	R1_N5	4	10.515	4_Selection	-0.423358532592604	-0.0715550984299405	-0.104028730940735	-0.39095701965663	-1.52062023129531	-0.222330727196432	-1.43834407093237	-0.0631197529708603	-1.09628520398065	-0.105278807440769	-0.257620699565231	-0.332874099569587
R1N5T252	Selection	R1	N4	R1N4T190	2020_11_12	2020_11_27	11.43	17.26	1.33	15.78	14.16	79	96	200.021	1050698	R1_N5	4	10.515	4_Selection												
R1N5T254	Selection	R1	N4	R1N4T190	2020_11_12	2020_11_27	10.37	18.57	1.39	17.13	15.75	79	91	158.2115	3017932	R1_N5	4	10.515	4_Selection	-0.156758932920108	-0.866990136486461	-0.465228431740172	-0.783115507075181	0.666567273769239	-1.08358472670984	-0.204076704404331	-0.682238056478547	-0.0118863009607229	0.906494267190959	-0.140827839518092	-0.511976221211471
R1N5T256	Selection	R1	N4	R1N4T190	2020_11_12	2020_11_27	10.8	19.03	1.45	17.54	15.68	81	92	146.4019	3243357	R1_N5	4	10.515	4_Selection	-0.502241197960275	-1.14234139283893	-0.403421577916657	-0.678873144754916	-1.44367836836234	0.439427809816826	-0.941758368476244	1.85100515281649	0.541145628698103	-1.28355670323159	-0.149458107747182	-0.948427900109176
R2N1C017	Control	R2	N0	TSU201	2020_09_23	2020_10_07	8.36	17.66	1.57	15.86	14.41	76	91	179.1021	3843290	R2_N1	0	8.745	0_Control	0.123844269994389	1.24947053136017	-0.473045859133457	0.663074840816422	0.20373207646592	-0.254155408006474	1.77877491489017	-0.974869808314254	3.07175326895914	0.388460426176118	0.0481380931705354	0.609365793159627
R2N1C019	Control	R2	N0	TSU201	2020_09_23	2020_10_07	6.87	15.54	1.24	14.4	13.04	74	91	112.3108	2919315	R2_N1	0	8.745	0_Control												
R2N1C021	Control	R2	N0	TSU201	2020_09_23	2020_10_07	7.39	18.82	1.43	17.42	15.67	79	95	160.5461	1278127	R2_N1	0	8.745	0_Control	-0.661751848941342	-0.668465405716527	0.0744940963985386	0.532201185839476	-0.990771413093401	0.522698073365612	1.09552974369833	-1.07137428723817	0.983954421359982	2.12639102558049	-0.0652422627853937	2.19221622530176
R2N1C023	Control	R2	N0	TSU201	2020_09_23	2020_10_07	8.51	19.15	1.74	17.34	15.74	74	96	405.2303	3501938	R2_N1	0	8.745	0_Control	-0.138590439649066	0.00715472851100169	-0.00596259760106381	1.40592438919622	-0.863686789241269	-0.720711515550157	-1.1026705863612	0.233861427065282	0.547988503124814	-0.0997930278289063	-0.226849468074473	0.284793969306938
R2N1C025	Control	R2	N0	TSU201	2020_09_23	2020_10_07	8.93	18.6	1.63	17.11	15.11	80.5	92.5	236.7482	3898131	R2_N1	0	8.745	0_Control	0.0539757612905451	0.763943761995614	-0.111247196397303	0.156001189127253	0.188542050860387	-1.25046999527543	-0.56836840696779	0.462876135916373	0.0632100383714044	-0.627545527567032	-0.214740613946285	0.269552846219215
R2N1C027	Control	R2	N0	TSU201	2020_09_23	2020_10_07	10.83	19.14	1.53	17.71	15.61	80	94	277.3942	3571439	R2_N1	0	8.745	0_Control	-0.373672471213389	-0.667159815187287	0.0440261458063224	-0.262406267011247	0.409850489266666	-0.693606822133889	5.04895843264389	-0.876011678470861	-0.741801930311266	2.0125543423148	-0.10555006142673	0.921296500952893
R2N1C029	Control	R2	N0	TSU201	2020_09_23	2020_10_07	10.31	20.36	2.17	18.3	16.28	80	100	161.9013	3064512	R2_N1	0	8.745	0_Control	0.295819742861706	1.18560403007173	1.73837666108786	0.593139553345218	-0.71963705744115	-1.39607024164963	0.219741121413676	-0.863886554846803	0.186067857045883	1.52476014774407	-0.101393059564036	-0.276309914424674
R2N1C031	Control	R2	N0	TSU201	2020_09_23	2020_10_07	11.1	17.72	2.18	15.61	14.04	76	94	168.8919	3558607	R2_N1	0	8.745	0_Control	-0.300228307945964	-0.8657042870018	1.74456498689218	0.58587270952412	0.259156038879397	-0.556765530703362	0.167341023338957	-0.447151010169719	0.421304419308848	0.0506035407355244	-0.28306607377815	0.292163003842596
R2N1T018	Selection	R2	N0	TSU201	2020_09_23	2020_10_07	7.44	19.88	1.68	18.01	16.23	80.5	94.5	241.0069	2945611	R2_N1	0	8.745	0_Selection	2.11350828411371	0.624213225157982	1.2766694278658	-0.537420596790977	0.157228044905639	1.06309552350518	0.69906590801359	0.823716934050773	0.223389603810085	0.30124517889383	0.253082983917437	2.65948550305933
R2N1T020	Selection	R2	N0	TSU201	2020_09_23	2020_10_07	7.45	18.53	1.59	16.96	15.53	76.5	95.5	159.0637	3313842	R2_N1	0	8.745	0_Selection	-0.0187512456505333	0.50982585337748	-0.0615908321454466	-0.0166318926446108	-1.12227764013367	-0.0256477747489791	0.422180694734808	0.0583662533223627	0.0871288315463775	0.2498137602696	0.0484116549005641	0.769401790139008
R2N1T022	Selection	R2	N0	TSU201	2020_09_23	2020_10_07	8.93	19.24	1.58	17.43	15.74	78	95	229.0606	3471202	R2_N1	0	8.745	0_Selection	-0.0840972189184405	-0.236695326503835	-0.476066460441122	3.16593915235396	-0.125243536230516	-0.468479589684025	0.00273379987843039	1.59548260214259	1.18768736670234	-1.02961291789059	-0.0861955629151177	0.879871662719564
R2N1T024	Selection	R2	N0	TSU201	2020_09_23	2020_10_07	7.7	17.9	1.65	16.25	14.89	74.5	95.5	163.478	3494931	R2_N1	0	8.745	0_Selection	-1.26126602207546	-0.294287484808377	-0.469074573015482	0.414595998623925	-1.51355873777183	1.86734869750565	-0.606065092937452	-1.35626063656028	-0.76159159305914	1.40199900877106	-0.137165026228321	0.230265583947282
R2N1T026	Selection	R2	N0	TSU201	2020_09_23	2020_10_07	8.56	19.9	1.89	17.78	16.11	75	96	240.1324	3794179	R2_N1	0	8.745	0_Selection	-0.994551959882649	0.403769430629779	-0.459986561474465	0.0754936278030373	-0.342618661175193	0.155420254531892	-0.271826613123308	0.224685920998611	1.83991682382511	0.0112857381914593	0.0291761546802094	-0.250220828500258
R2N1T028	Selection	R2	N0	TSU201	2020_09_23	2020_10_07	10.6	20.32	1.81	18.49	16.51	84	94	211.9622	3224027	R2_N1	0	8.745	0_Selection	-0.431102008704954	0.566904858633034	-0.622767138259143	-0.12777501241229	-0.0930050476897301	-1.08611812743774	0.736495415920381	-1.01612766986979	-0.150426787327078	1.93612670496009	-0.107154483808975	0.644585442361253
R2N1T030	Selection	R2	N0	TSU201	2020_09_23	2020_10_07	11	18.83	1.76	17.18	15.41	80.5	95.5	150.4393	1095448	R2_N1	0	8.745	0_Selection	1.42942829486523	1.71045336269787	0.649706107273297	-0.330167651614779	0.201684669591205	-0.806829177817246	0.286738334944782	1.65976663009243	0.651955851705184	-0.525814624625134	0.106300199376661	0.0862183302315466
R2N1T032	Selection	R2	N0	TSU201	2020_09_23	2020_10_07	11.24	18.25	1.64	16.6	14.95	77.5	92.5	195.5928	1653164	R2_N1	0	8.745	0_Selection	-0.205906927178217	0.869015871156353	-0.369538247770721	-0.602447244820546	0.526110331363425	-1.28491167143788	-0.466285319147089	0.797674922997329	0.103372949577065	-0.825693875533941	-0.170497441461887	-0.19877944701597
R2N2C081	Control	R2	N1	R2N1C029	2020_10_07	2020_10_22	12.28	20.04	1.66	18.03	16.15	84	97.5	241.784	2598762	R2_N2	1	11.93	1_Control												
R2N2C083	Control	R2	N1	R2N1C029	2020_10_07	2020_10_22	10.62	18.49	1.57	16.96	15.31	80.5	93.5	243.0333	1618218	R2_N2	1	11.93	1_Control												
R2N2C085	Control	R2	N1	R2N1C029	2020_10_07	2020_10_22	12.73	20.5	1.62	18.44	16.88	84.5	98.5	303.1064	1548418	R2_N2	1	11.93	1_Control												
R2N2C087	Control	R2	N1	R2N1C029	2020_10_07	2020_10_22	11.67	18.7	1.68	17.35	15.73	79.5	93	257.0833	1409342	R2_N2	1	11.93	1_Control												
R2N2C089	Control	R2	N1	R2N1C023	2020_10_07	2020_10_22	11.85	19.44	1.98	17.95	16.07	83.5	94.5	205.4652	2743402	R2_N2	1	11.93	1_Control												
R2N2C091	Control	R2	N1	R2N1C023	2020_10_07	2020_10_22	11.1	18.59	1.5	17.66	15.62	82.5	91.5	316.7929	3664554	R2_N2	1	11.93	1_Control												
R2N2C093	Control	R2	N1	R2N1C023	2020_10_07	2020_10_22	12.88	19.25	1.91	17.72	16.08	84	95.5	182.3603	1074561	R2_N2	1	11.93	1_Control												
R2N2T082	Selection	R2	N1	R2N1T020	2020_10_07	2020_10_22	11.93	17.33	1.21	15.63	13.9	82	92	181.2708	2835111	R2_N2	1	11.93	1_Selection												
R2N2T084	Selection	R2	N1	R2N1T020	2020_10_07	2020_10_22	12.78	20.22	1.5	18.53	16.52	84.5	95.5	255.4221	2167490	R2_N2	1	11.93	1_Selection												
R2N2T086	Selection	R2	N1	R2N1T020	2020_10_07	2020_10_22	11.98	19.73	1.89	17.67	16.03	82	96	233.0789	1830615	R2_N2	1	11.93	1_Selection												
R2N2T088	Selection	R2	N1	R2N1T020	2020_10_07	2020_10_22	12.72	19.1	1.35	17.73	15.79	85.5	96.5	213.4961	2873279	R2_N2	1	11.93	1_Selection												
R2N2T090	Selection	R2	N1	R2N1T030	2020_10_07	2020_10_22	11.9	18.85	1.63	17.11	15.29	80.5	92.5	192.8362	2887962	R2_N2	1	11.93	1_Selection												
R2N2T092	Selection	R2	N1	R2N1T030	2020_10_07	2020_10_22	12.13	19.18	1.29	17.79	15.54	84.5	92.5	276.8727	3267262	R2_N2	1	11.93	1_Selection												
R2N2T094	Selection	R2	N1	R2N1T030	2020_10_07	2020_10_22	10.46	19.86	1.7	17.9	16.09	80.5	96.5	221.1291	3411585	R2_N2	1	11.93	1_Selection												
R2N2T096	Selection	R2	N1	R2N1T030	2020_10_07	2020_10_22	11.77	20.1	1.62	18.99	16.92	83.5	96.5	202.2738	2853401	R2_N2	1	11.93	1_Selection												
R2N3C145	Control	R2	N2	R2N2C091	2020_10_22	2020_11_05	16.64	20.28	1.5	18.22	16.18	85	97	243.1445	2574064	R2_N3	2	14.13	2_Control												
R2N3C147	Control	R2	N2	R2N2C091	2020_10_22	2020_11_05	12.18	19.2	1.43	17.48	15.85	82	94	119.3452	2285028	R2_N3	2	14.13	2_Control												
R2N3C149	Control	R2	N2	R2N2C091	2020_10_22	2020_11_05	12.45	18.26	1.45	16.65	15.08	81	93	196.2946	2706885	R2_N3	2	14.13	2_Control												
R2N3C151	Control	R2	N2	R2N2C091	2020_10_22	2020_11_05	13.31	18.66	1.27	17.23	15.38	81	95	237.0631	772348	R2_N3	2	14.13	2_Control												
R2N3C153	Control	R2	N2	R2N2C087	2020_10_22	2020_11_05	14.96	19.69	1.62	18.16	15.71	83.5	97.5	186.5878	2113969	R2_N3	2	14.13	2_Control												
R2N3C155	Control	R2	N2	R2N2C087	2020_10_22	2020_11_05	14.46	18.5	1.51	16.93	14.69	82	96	253.5454	1553654	R2_N3	2	14.13	2_Control												
R2N3C157	Control	R2	N2	R2N2C087	2020_10_22	2020_11_05	15.12	19.36	1.48	17.51	16.19	82.5	97.5	174.5419	3010195	R2_N3	2	14.13	2_Control												
R2N3C159	Control	R2	N2	R2N2C087	2020_10_22	2020_11_05	14.87	19.73	1.72	17.99	16.06	84	97	175.8781	1460058	R2_N3	2	14.13	2_Control												
R2N3T146	Selection	R2	N2	R2N2T082	2020_10_22	2020_11_05	12.88	18.39	1.23	16.79	15.27	80.5	93.5	207.7795	2708768	R2_N3	2	14.13	2_Selection												
R2N3T148	Selection	R2	N2	R2N2T082	2020_10_22	2020_11_05	13.59	19.36	1.47	17.88	15.87	81	97	215.8708	3700820	R2_N3	2	14.13	2_Selection												
R2N3T150	Selection	R2	N2	R2N2T082	2020_10_22	2020_11_05	15.03	18.29	1.44	16.79	15.12	81	92.5	153.2021	502627	R2_N3	2	14.13	2_Selection												
R2N3T152	Selection	R2	N2	R2N2T082	2020_10_22	2020_11_05	13.12	21.1	1.86	19.25	17.07	85	99	187.9211	1723512	R2_N3	2	14.13	2_Selection												
R2N3T154	Selection	R2	N2	R2N2T090	2020_10_22	2020_11_05	12.2	19.36	1.33	17.96	16.16	81	96	184.5721	1120223	R2_N3	2	14.13	2_Selection												
R2N3T156	Selection	R2	N2	R2N2T090	2020_10_22	2020_11_05	15.45	20.2	1.71	18.5	16.53	84.5	97.5	199.9347	1170713	R2_N3	2	14.13	2_Selection												
R2N3T158	Selection	R2	N2	R2N2T090	2020_10_22	2020_11_05	14.13	19.98	1.69	18.37	16.26	84	98.5	181.8535	2729020	R2_N3	2	14.13	2_Selection												
R2N4C209	Control	R2	N3	R2N3C145	2020_11_05	2020_11_19	12.38	19.24	1.45	17.48	15.71	82	95	199.3028	2395013	R2_N4	3	12.29	3_Control												
R2N4C211	Control	R2	N3	R2N3C145	2020_11_05	2020_11_19	9.57	18.52	1.69	16.16	14.75	79	97	183.1791	2142959	R2_N4	3	12.29	3_Control												
R2N4C213	Control	R2	N3	R2N3C145	2020_11_05	2020_11_19	14.6	19.36	1.53	17.47	15.84	81.5	94.5	200.6958	742753	R2_N4	3	12.29	3_Control												
R2N4C215	Control	R2	N3	R2N3C145	2020_11_05	2020_11_19	13.18	19.13	1.8	17.35	15.32	83	95	227.9473	1609439	R2_N4	3	12.29	3_Control												
R2N4C217	Control	R2	N3	R2N3C153	2020_11_05	2020_11_19	10.95	17.85	1.77	16.18	14.49	81	91	162.3315	2080401	R2_N4	3	12.29	3_Control												
R2N4C219	Control	R2	N3	R2N3C153	2020_11_05	2020_11_19	14.32	20.2	2.04	18.23	15.67	86	97	189.673	1142098	R2_N4	3	12.29	3_Control												
R2N4C221	Control	R2	N3	R2N3C153	2020_11_05	2020_11_19	9.98	19.34	1.71	17.82	15.79	79.5	95.5	217.2955	2863618	R2_N4	3	12.29	3_Control												
R2N4C223	Control	R2	N3	R2N3C153	2020_11_05	2020_11_19	12.72	18.89	1.59	17.53	15.57	86	94	185.06	2354943	R2_N4	3	12.29	3_Control												
R2N4T210	Selection	R2	N3	R2N3T150	2020_11_05	2020_11_19	15.22	20.88	1.42	18.9	16.88	84	94	188.9057	3313332	R2_N4	3	12.29	3_Selection												
R2N4T212	Selection	R2	N3	R2N3T150	2020_11_05	2020_11_19	11.27	19.43	1.19	17.68	16.06	82	95	167.0499	2067310	R2_N4	3	12.29	3_Selection												
R2N4T214	Selection	R2	N3	R2N3T150	2020_11_05	2020_11_19	12.91	19.6	1.5	17.95	15.95	82	95	283.2672	1089570	R2_N4	3	12.29	3_Selection												
R2N4T216	Selection	R2	N3	R2N3T150	2020_11_05	2020_11_19	10.91	18.57	1.63	16.17	14.69	81	91	243.0576	2648690	R2_N4	3	12.29	3_Selection												
R2N4T218	Selection	R2	N3	R2N3T158	2020_11_05	2020_11_19	9.87	19.34	1.78	17.25	15.53	81.5	93.5	217.9902	3105750	R2_N4	3	12.29	3_Selection												
R2N4T220	Selection	R2	N3	R2N3T158	2020_11_05	2020_11_19	11.63	19.96	1.64	18.2	16.36	81	94.5	183.0745	2904518	R2_N4	3	12.29	3_Selection												
R2N4T222	Selection	R2	N3	R2N3T158	2020_11_05	2020_11_19	12.2	19.61	1.52	17.61	15.4	85	93	183.8699	2686075	R2_N4	3	12.29	3_Selection												
R2N4T224	Selection	R2	N3	R2N3T158	2020_11_05	2020_11_19	12.77	20.25	1.48	18.85	16.91	80	96	158.5016	2640848	R2_N4	3	12.29	3_Selection												
R2N5C273	Control	R2	N4	R2N4C209	2020_11_19	2020_12_04	14.28	20.03	1.38	18.29	16.39	86	98	192.1438	669445	R2_N5	4	14.22	4_Control	0.00829255684991505	1.08753166170063	-0.364258868718376	-1.02907070101334	1.72350140818047	0.716251754311294	0.99712649901833	-0.682397248811807	2.34062952774695	-0.0652572078725157	-0.0789433351006551	-0.600939573342474
R2N5C275	Control	R2	N4	R2N4C209	2020_11_19	2020_12_04	14.33	20.9	1.29	19.31	17.06	82.5	96.5	160.4166	3134649	R2_N5	4	14.22	4_Control	-0.0831287514008094	0.181774423615933	-0.198566681037482	-0.748041543500005	0.905551231946792	1.23785699468826	0.0197782919274427	-0.117957338776164	0.110589837458638	0.095320513061503	-0.00895220713739572	-0.507675081805852
R2N5C277	Control	R2	N4	R2N4C209	2020_11_19	2020_12_04	14.48	19.83	1.4	18.04	16.01	83.5	100.5	215.4243	2014112	R2_N5	4	14.22	4_Control	-0.504995493996245	0.253295201137421	-0.3880311889003	-0.764083531823535	0.524030719152721	0.184366447713691	-0.791278544200285	-0.863407123179061	-1.07015022508582	-0.532092126528122	-0.137741237565554	0.766125109151193
R2N5C279	Control	R2	N4	R2N4C209	2020_11_19	2020_12_04	15.18	20.86	1.84	18.81	16.98	85	100	232.7959	1366683	R2_N5	4	14.22	4_Control	-0.629681023109834	0.17776368237381	-0.777831443509511	-0.426584922006867	0.203864686672934	1.53086375310424	-0.250818820203809	1.49526190957102	-1.00715710476683	0.231894372895828	-0.224312697886933	-1.37522355358013
R2N5C281	Control	R2	N4	R2N4C223	2020_11_19	2020_12_04	14.44	18.55	1.55	17.08	15.38	86	98	242.2483	2553204	R2_N5	4	14.22	4_Control	-1.26935994804628	-0.943714619126132	-0.152046495075408	-0.685334212437759	-0.645440225793359	-0.663128981988975	-0.706766005116303	-1.10343716871346	-1.26824683399339	1.05467398094769	-0.339102954341347	0.253274871562774
R2N5C283	Control	R2	N4	R2N4C223	2020_11_19	2020_12_04	13.26	21.05	1.8	19.08	17.21	82	99	228.4933	1820072	R2_N5	4	14.22	4_Control	-0.442259639294017	-0.543878189942956	0.0155589873856263	-0.857191407598252	-0.67164210826773	-0.0361565171738476	-0.414704950182825	-0.624607031613682	-1.26519570590733	0.294538442428963	-0.320757457017769	-0.834398906913662
R2N5C285	Control	R2	N4	R2N4C223	2020_11_19	2020_12_04	10.47	18.41	1.78	16.68	15.08	80	99	159.2389	3028262	R2_N5	4	14.22	4_Control	2.71364900296438	-0.600345108706455	0.191639375657109	-0.153458907043241	-0.0793367242096792	-0.0647894032299036	0.422342533776475	-1.41868288698929	-0.562440544962497	1.43653857333824	-0.108677684443456	-0.653325400296714
R2N5C287	Control	R2	N4	R2N4C223	2020_11_19	2020_12_04	12.7	18.55	1.55	17.11	15.03	80.5	97.5	290.6911	2258390	R2_N5	4	14.22	4_Control	-1.18847465495125	-0.988278772053874	-0.705626959899506	-0.409722057645687	-1.29507537038283	0.146842824279051	-0.120866219464253	-1.59347120040583	-0.245094292782887	0.108828578654892	-0.278206141835526	-0.617216568131694
R2N5T274	Selection	R2	N4	R2N4T212	2020_11_19	2020_12_04	16.14	20.15	1.71	17.95	15.54	84	99	199.5779	3257570	R2_N5	4	14.22	4_Selection	1.09831980405825	0.989237006885366	0.714161178498689	-0.447204351750373	0.880193792326369	1.05549083070117	0.378148983871808	1.89630356307924	0.110786405222558	-0.665240105551499	-0.0636507095792369	-0.609278108241143
R2N5T276	Selection	R2	N4	R2N4T212	2020_11_19	2020_12_04	12.61	18.61	1.34	17.07	15.31	81	98	160.7695	2618594	R2_N5	4	14.22	4_Selection	0.298240112150403	-0.51911265013243	0.956665537298593	-0.0239001154519552	-0.0559305490638862	0.696448464110937	-0.776145157363225	-0.67508321115464	-0.0485763634087263	0.40177174762343	-0.320166879589383	-0.361597417210196
R2N5T278	Selection	R2	N4	R2N4T212	2020_11_19	2020_12_04	13.41	18.05	1.25	16.52	14.92	83.5	97.5	297.0302	2023973	R2_N5	4	14.22	4_Selection	-0.105762482222183	2.16165308007027	-0.459778980499985	-0.851943744388012	1.27320403234241	1.07991876897148	0.822042831085397	-0.884695852083712	-0.892132722516924	0.600131779867435	-0.173083068484174	-0.561146756409609
R2N5T280	Selection	R2	N4	R2N4T212	2020_11_19	2020_12_04	14.46	19.11	1.63	17.55	15.75			202.8462	1450287	R2_N5	4	14.22	4_Selection	-0.691296237770335	-0.39793698354845	0.637621760737595	-0.846105806115128	-1.06537886277505	0.570410223452724	-0.704182645423579	1.15801434255979	-1.2397011952796	-1.08225175841289	-0.209669672559701	-0.864124182427029
R2N5T282	Selection	R2	N4	R2N4T224	2020_11_19	2020_12_04	14.16	18.6	1.56	16.85	15.23	81.5	96.5	245.6006	401577	R2_N5	4	14.22	4_Selection	0.82552537019552	0.784675510326994	0.85705107452603	-0.875203277774342	0.498829570133422	1.29960682391093	1.05029046460135	0.387763165413236	-0.519288963067629	-0.806216709932185	-0.040227966331307	-0.936148183083536
R2N5T284	Selection	R2	N4	R2N4T224	2020_11_19	2020_12_04	14.68	21.24	1.67	19.55	17.06	83.5	101.5	230.6713	1856560	R2_N5	4	14.22	4_Selection	-1.15166222920953	-0.715584483431202	-0.792641035657726	-0.902816132841001	-0.383747716880481	0.355276002955033	-0.2551658104788	-0.641742927121691	-1.31171587092029	0.229884102721496	-0.287594628779408	-0.622506478552843
R2N5T286	Selection	R2	N4	R2N4T224	2020_11_19	2020_12_04	13	20.86	2.01	18.66	16.71	82	99	177.2489	1968057	R2_N5	4	14.22	4_Selection	-1.01275549813954	-0.500036639123891	-0.55445947785242	-0.814010383882225	-0.738223325169879	-0.367585368521774	-1.50568970125634	0.783311137867338	-1.21680413205543	-0.927371367973218	-0.154874051428568	-0.75690818127586
R2N5T288	Selection	R2	N4	R2N4T224	2020_11_19	2020_12_04	11.47	19	2.24	16.88	15.14	80	94	146.6581	1441650	R2_N5	4	14.22	4_Selection	0.559486756798371	-0.917387425757251	0.500201352991731	1.19068283879771	-0.676409918817753	1.01293563990868	0.803635315943845	-0.337144625772533	-0.402373633932103	-0.704904681600972	-0.207708607390508	-0.478597767749102
R3N1C035	Control	R3	N0	TSU201	2020_09_28	2020_10_14	9.3	20.71	2.01	18.5	16.27	81	95	220.5739	3068404	R3_N1	0	8.985	0_Control	-0.290240886732223	0.561650317472306	-0.340991218514153	0.633335071838428	-0.381529337560295	-0.38011281749884	0.105602780639139	0.327621229241431	0.809667741960989	-0.371593404785975	-0.125342180093211	-0.14391203028939
R3N1C037	Control	R3	N0	TSU201	2020_09_28	2020_10_14	9.09	19.8	1.52	18.02	15.97	86	95	279.9249	3810540	R3_N1	0	8.985	0_Control	-0.336370748178783	-0.107844159211134	-0.0170174978077497	1.87382159322805	1.09336185845354	-1.52438660854188	0.824657792484482	-0.219981850494805	0.749523786732405	-0.197558442585859	-0.0602867004127602	-0.249556437513109
R3N1C039	Control	R3	N0	TSU201	2020_09_28	2020_10_14	8.83	20.09	1.85	17.95	16.19	85	95	263.9738	3171565	R3_N1	0	8.985	0_Control	1.50912592271747	0.11766772060009	1.72399186808147	1.85674726132603	0.411112654272706	-0.6759604114188	1.01902871599059	0.0972506035556854	0.760365258119017	0.488166533282384	-0.0389338268447013	0.96785355791608
R3N1C041	Control	R3	N0	TSU201	2020_09_28	2020_10_14	9.59	19.48	1.52	17.38	15.64	83.5	92.5	238.8912	3815803	R3_N1	0	8.985	0_Control	-0.578096669455418	-0.499034182033529	-0.0211470696186888	-0.488449278776869	-1.64134761654478	-1.38044581909389	-0.391571224289949	-1.11482019331989	-1.08353825369741	1.04878194108864	-0.227825146688606	-0.500984096607571
R3N1C043	Control	R3	N0	TSU201	2020_09_28	2020_10_14	7.52	19.27	1.48	17.47	15.6	81	93	259.4973	1068001	R3_N1	0	8.985	0_Control	-0.646528999994013	-0.844087158526525	0.425137327059938	0.812278394672467	1.20041428971261	-0.510244085867007	0.475066948352838	-0.533211003752955	1.34221454735669	1.82719578034382	-0.169828220872353	1.62375975707325
R3N1C045	Control	R3	N0	TSU201	2020_09_28	2020_10_14	10.62	18.85	1.45	17.12	15.32	83	94	215.739	1262672	R3_N1	0	8.985	0_Control	-0.633728119346142	-0.671838328642591	-0.483308776216736	-0.105866644224549	0.882081119736903	0.488379025681269	0.329529918239979	0.399142635239416	1.20810535824919	-0.718145751009418	0.0484066368281385	-0.0122269088208543
R3N1C047	Control	R3	N0	TSU201	2020_09_28	2020_10_14	8.71	19.04	1.66	17.17	15.33	82.5	91	234.7887	3365292	R3_N1	0	8.985	0_Control	2.13926355044252	0.0020687279447488	-1.38444624735103	2.72722212468145	0.477075812888595	1.54528797102007	-0.68507031646743	-0.410359189062623	1.48610850998772	-0.91059171910307	-0.159825096647779	0.631464042715949
R3N1T034	Selection	R3	N0	TSU201	2020_09_28	2020_10_14	8.24	18.72	1.89	16.65	15.07	84	89	203.2637	2771727	R3_N1	0	8.985	0_Selection	1.47574444106546	2.38630251586454	0.167210686375186	1.82029789686899	0.059608461836178	-2.04558993839977	1.15715977449455	0.149297995970357	0.863810806851921	0.53167199602427	0.0700021772429844	1.13082543282359
R3N1T036	Selection	R3	N0	TSU201	2020_09_28	2020_10_14	9.39	20.73	1.75	18.76	16.7	83.5	94.5	167.3417	3292621	R3_N1	0	8.985	0_Selection	-0.484929241453588	-0.317362940160696	0.113623734078842	1.38770356812919	-0.324929880383217	-0.678408144928189	-0.847804739814623	-0.0994010767218799	0.773267611957147	0.300456688470245	-0.0832802839966793	1.1609108692534
R3N1T038	Selection	R3	N0	TSU201	2020_09_28	2020_10_14	7.8	19.68	1.94	17.46	15.77	80	95	135.4598	1109239	R3_N1	0	8.985	0_Selection	-0.128819417891658	0.110237100132225	1.03701587551501	1.07338682029854	0.226515930854513	0.749204617119878	-0.219440241042262	0.0975184485202874	-0.159800122542662	0.196963334846105	-0.0914514178892624	1.5154526230941
R3N1T042	Selection	R3	N0	TSU201	2020_09_28	2020_10_14	10.86	19.43	1.49	17.72	15.65	82	98	267.0243	1268948	R3_N1	0	8.985	0_Selection	-1.39045369923778	-0.322002656187346	-0.978836559166428	-0.490002362036544	-1.00761054134473	-1.46076488150841	-1.90646333934949	0.142484409551148	-0.815366773002317	-0.662562073246481	-0.218788952893052	0.202427438063755
R3N1T044	Selection	R3	N0	TSU201	2020_09_28	2020_10_14	8.88	20.56	2.04	18.22	16.31	75	96	289.1967	1175058	R3_N1	0	8.985	0_Selection	1.29347533642365	-0.280773883967942	0.936922465056509	-0.155763537807043	3.11308398441453	-0.61119392163482	0.451282354992587	1.35114926327327	1.9211554342714	0.234167151058394	0.081752031738651	0.963508392828305
R3N1T046	Selection	R3	N0	TSU201	2020_09_28	2020_10_14	12.41	20.48	1.22	18.91	16.82	87.5	98.5	222.1123	1030110	R3_N1	0	8.985	0_Selection	0.53820685508805	0.119405617183609	1.40808274449915	-0.00893976946521376	-0.539845085987791	-0.616973004560598	0.238195560301037	0.145687266562949	0.885618838318938	0.925302394639979	0.067962436172241	0.651476811869932
R3N1T048	Selection	R3	N0	TSU201	2020_09_28	2020_10_14	7.87	19.13	1.51	17.46	15.15	83	93	224.5358	1121975	R3_N1	0	8.985	0_Selection	1.1074357644072	0.550969613584099	0.600248033464664	0.352781974851906	2.94275848731042	-1.49522089311266	0.170217097826964	2.24780332603151	1.79628775800258	-0.570863187639444	0.0445020090529114	1.58849443607997
R3N2C097	Control	R3	N1	R3N1C043	2020_10_14	2020_10_28	14.78	17.52	1.48	15.4	13.98	83	93	260.6795	1574090	R3_N2	1	16.97	1_Control												
R3N2C099	Control	R3	N1	R3N1C043	2020_10_14	2020_10_28	17.39	19.99	1.35	18.44	16.61	84.5	96.5	225.5685	792441	R3_N2	1	16.97	1_Control												
R3N2C101	Control	R3	N1	R3N1C043	2020_10_14	2020_10_28	16.63	19.72	1.44	18.14	15.93	92.5	83.5	244.1497	587755	R3_N2	1	16.97	1_Control												
R3N2C103	Control	R3	N1	R3N1C043	2020_10_14	2020_10_28	16.5	19.8	1.97	17.55	15.42	85.5	95	190.7109	1571288	R3_N2	1	16.97	1_Control												
R3N2C105	Control	R3	N1	R3N1C041	2020_10_14	2020_10_28	19.16	21.61	1.49	20.07	17.58	86.5	97.5	254.9377	3466552	R3_N2	1	16.97	1_Control												
R3N2C107	Control	R3	N1	R3N1C041	2020_10_14	2020_10_28	16.97	16.11	1.68	14.16	12.69	83	91	321.8818	3177883	R3_N2	1	16.97	1_Control												
R3N2C109	Control	R3	N1	R3N1C041	2020_10_14	2020_10_28	15.96	21.3	1.7	19.06	16.01	86.5	96.5	227.1998	3067340	R3_N2	1	16.97	1_Control												
R3N2C111	Control	R3	N1	R3N1C041	2020_10_14	2020_10_28	18.53	19.85	1.31	18.43	16.15	84	98	251.4528	2979628	R3_N2	1	16.97	1_Control												
R3N2T098	Selection	R3	N1	R3N1T038	2020_10_14	2020_10_28	16.51	19.61	1.29	17.76	15.67	84	95.5	216.928	1210124	R3_N2	1	16.97	1_Selection												
R3N2T102	Selection	R3	N1	R3N1T038	2020_10_14	2020_10_28	15.53	19.26	1.3	18.04	15.74	84.5	95.5	170.9142	3130375	R3_N2	1	16.97	1_Selection												
R3N2T104	Selection	R3	N1	R3N1T038	2020_10_14	2020_10_28	15.06	19.79	1.47	18.45	16.21	85.5	96	160.5532	3350566	R3_N2	1	16.97	1_Selection												
R3N2T106	Selection	R3	N1	R3N1T036	2020_10_14	2020_10_28	18.34	20.29	1.64	18.58	16.56	86	99	218.3864	3563829	R3_N2	1	16.97	1_Selection												
R3N2T108	Selection	R3	N1	R3N1T036	2020_10_14	2020_10_28	19.13	21.31	1.47	19.29	17.11	91	97	197.9799	3373513	R3_N2	1	16.97	1_Selection												
R3N2T110	Selection	R3	N1	R3N1T036	2020_10_14	2020_10_28	20.17	21.4	1.24	20.29	17.68	90.5	99	163.8924	2863025	R3_N2	1	16.97	1_Selection												
R3N2T112	Selection	R3	N1	R3N1T036	2020_10_14	2020_10_28	18.59	22.02	2.39	19.77	16.8	89.5	96	261.6652	1599030	R3_N2	1	16.97	1_Selection												
R3N3C161	Control	R3	N2	R3N2C097	2020_10_28	2020_11_11	13.09	19.93	1.99	17.59	15.74	85	95.5	439.0376	2371964	R3_N3	2	14.17	2_Control												
R3N3C163	Control	R3	N2	R3N2C097	2020_10_28	2020_11_11	12.66	18.91	1.24	17.4	15.72	85.5	95.5	241.9198	2462586	R3_N3	2	14.17	2_Control												
R3N3C165	Control	R3	N2	R3N2C097	2020_10_28	2020_11_11	14.14	19.88	1.36	18.14	16.42	85	97	335.9468	3213704	R3_N3	2	14.17	2_Control												
R3N3C167	Control	R3	N2	R3N2C097	2020_10_28	2020_11_11	15.66	21.06	1.91	19.02	16.35	85	101	222.2102	3608017	R3_N3	2	14.17	2_Control												
R3N3C169	Control	R3	N2	R3N2C101	2020_10_28	2020_11_11	11.89	19.97	1.53	18.35	16.46	84	97	158.8752	1115535	R3_N3	2	14.17	2_Control												
R3N3C171	Control	R3	N2	R3N2C101	2020_10_28	2020_11_11	11.9	19.88	1.75	18.12	16.45	84.5	98.5	245.3595	3450605	R3_N3	2	14.17	2_Control												
R3N3C173	Control	R3	N2	R3N2C101	2020_10_28	2020_11_11	20.93	22.78	1.49	21.7	18.85	87.5	99.5	198.5021	3373877	R3_N3	2	14.17	2_Control												
R3N3C175	Control	R3	N2	R3N2C101	2020_10_28	2020_11_11	19.75	20.68	1.72	19.42	17.02	86	101	239.7652	3104251	R3_N3	2	14.17	2_Control												
R3N3T162	Selection	R3	N2	R3N2T104	2020_10_28	2020_11_11	11.57	19.52	1.67	17.39	15.71	82.5	92.5	321.0846	2269083	R3_N3	2	14.17	2_Selection												
R3N3T164	Selection	R3	N2	R3N2T104	2020_10_28	2020_11_11	11.31	20.66	1.48	18.17	17.22	82	100	334.064	2026832	R3_N3	2	14.17	2_Selection												
R3N3T166	Selection	R3	N2	R3N2T104	2020_10_28	2020_11_11	13.83	20.94	1.52	19	16.94	83	99	204.6191	1524427	R3_N3	2	14.17	2_Selection												
R3N3T168	Selection	R3	N2	R3N2T104	2020_10_28	2020_11_11	16.33	19.94	1.46	18.2	16.27	84	97	207.968	2402754	R3_N3	2	14.17	2_Selection												
R3N3T170	Selection	R3	N2	R3N2T110	2020_10_28	2020_11_11	14.2	20.71	1.26	19.02	17.15	84	98	306.7567	1041988	R3_N3	2	14.17	2_Selection												
R3N3T172	Selection	R3	N2	R3N2T110	2020_10_28	2020_11_11	21.08	22.38	1	20.83	18.71	86	102	269.5795	3814135	R3_N3	2	14.17	2_Selection												
R3N3T174	Selection	R3	N2	R3N2T110	2020_10_28	2020_11_11	15.97	19.25	1.81	17.54	15.69	82	97.5	170.3785	1068216	R3_N3	2	14.17	2_Selection												
R3N3T176	Selection	R3	N2	R3N2T110	2020_10_28	2020_11_11	20.08	20.12	1.54	18.84	16.45	85	101	153.1838	1008079	R3_N3	2	14.17	2_Selection												
R3N4C225	Control	R3	N3	R3N3C163	2020_11_11	2020_11_25	12.33	19.95	1.58	18.03	15.76	82	94.5	163.8984	3402061	R3_N4	3	11.64	3_Control												
R3N4C227	Control	R3	N3	R3N3C163	2020_11_11	2020_11_25	10.23	18.69	1.2	16.87	14.66	80	93	150.5599	3204699	R3_N4	3	11.64	3_Control												
R3N4C229	Control	R3	N3	R3N3C163	2020_11_11	2020_11_25	10.41	17.7	1.39	16.08	14.56	74.5	89.5	184.8524	1069856	R3_N4	3	11.64	3_Control												
R3N4C231	Control	R3	N3	R3N3C163	2020_11_11	2020_11_25	11.64	18.31	1.39	16.68	15.16	80	90	211.4691	1162738	R3_N4	3	11.64	3_Control												
R3N4C233	Control	R3	N3	R3N3C167	2020_11_11	2020_11_25	10.71	17.86	1.17	16.71	15.19	80	91	148.2872	1180536	R3_N4	3	11.64	3_Control												
R3N4C235	Control	R3	N3	R3N3C167	2020_11_11	2020_11_25	17.26	21.5	1.55	19.75	16.67	84	97	189.7281	2547209	R3_N4	3	11.64	3_Control												
R3N4C237	Control	R3	N3	R3N3C167	2020_11_11	2020_11_25	14.69	20.56	1.43	18.97	16.72	86	97	160.0282	2777206	R3_N4	3	11.64	3_Control												
R3N4C239	Control	R3	N3	R3N3C167	2020_11_11	2020_11_25	13.71	20.58	2.3	17.96	15.92	83.5	95.5	209.5854	2596284	R3_N4	3	11.64	3_Control												
R3N4T226	Selection	R3	N3	R3N3T164	2020_11_11	2020_11_25	8.48	19.95	1.28	14.36	13.36	72.5	93.5	180.9324	1018764	R3_N4	3	11.64	3_Selection												
R3N4T228	Selection	R3	N3	R3N3T164	2020_11_11	2020_11_25	10.95	17.96	1.32	16.31	14.86	76.5	89.5	160.7467	3160964	R3_N4	3	11.64	3_Selection												
R3N4T232	Selection	R3	N3	R3N3T164	2020_11_11	2020_11_25	11.05	18.97	1.26	17.41	15.31	80.5	95	133.5563	3188036	R3_N4	3	11.64	3_Selection												
R3N4T234	Selection	R3	N3	R3N3T174	2020_11_11	2020_11_25	10.39	17.93	1.66	16.14	14.53	77.5	91.5	155.2727	2590505	R3_N4	3	11.64	3_Selection												
R3N4T236	Selection	R3	N3	R3N3T174	2020_11_11	2020_11_25	14.83	20.56	1.87	18.53	16.61	83	93	346.0098	3077806	R3_N4	3	11.64	3_Selection												
R3N4T238	Selection	R3	N3	R3N3T174	2020_11_11	2020_11_25	12.8	20.58	1.65	18.57	16.47	80.5	95.5	157.5776	2620919	R3_N4	3	11.64	3_Selection												
R3N4T240	Selection	R3	N3	R3N3T174	2020_11_11	2020_11_25	13.14	19.55	1.82	17.89	14.94	86	97	214.195	2890634	R3_N4	3	11.64	3_Selection												
R3N5C289	Control	R3	N4	R3N4C239	2020_11_25	2020_12_11	13.7	19.92	1.51	17.97	16.19	84	98	224.5598	2525235	R3_N5	4	13.665	4_Control	0.565078497429888	0.805162378417518	-0.232749596150261	-0.975282859838835	1.17494602584775	0.369370678425479	0.870870340295546	0.664795691423887	0.113695750662098	0.204541707897675	0.237821093028352	0.0919265318113467
R3N5C291	Control	R3	N4	R3N4C239	2020_11_25	2020_12_11	12.02	20.05	1.31	18.58	16.38	84	97	228.473	3144314	R3_N5	4	13.665	4_Control	0.378569082751476	0.428439117969514	-0.334791244879597	-0.666480264310485	0.174985972448415	1.51529373614091	-0.122557708777455	0.171119400968777	-0.311618369629138	-1.03246803982206	-0.0561757615415278	-0.0609887727264901
R3N5C293	Control	R3	N4	R3N4C239	2020_11_25	2020_12_11	17.27	19.23	2.03	17.1	14.74	82.5	97.5	240.6046	2808167	R3_N5	4	13.665	4_Control	0.329763809799826	-0.408186579538263	1.90930829240316	-0.918205722771498	1.90375514731896	1.01793059143927	-0.489509381230876	0.874808708798893	-1.16243682060826	-0.761939249794267	-0.271966694901354	-0.646241763015495
R3N5C295	Control	R3	N4	R3N4C239	2020_11_25	2020_12_11	12.42	20.48	1.43	18.86	16.58	82	101	214.542	2579470	R3_N5	4	13.665	4_Control	0.396829519141281	-0.121882666439238	-0.88781822977074	-0.734767801116218	1.33941725592009	0.692111561174107	-0.252769188141846	0.483035140199696	-0.757803004563602	-1.32384496126478	-0.0640426526323514	-0.724939064044207
R3N5C297	Control	R3	N4	R3N4C231	2020_11_25	2020_12_11	14.83	18.12	1.5	16.43	14.63	82	97	208.1559	2329248	R3_N5	4	13.665	4_Control	0.547258855006556	-0.0499926286850335	-1.51630176445592	-0.9480710484472	0.994769958401937	1.79758725619107	-0.942183235861764	1.05737634969715	-1.24150346107355	-1.5574351316878	-0.198846351599369	-0.496408592154431
R3N5C299	Control	R3	N4	R3N4C231	2020_11_25	2020_12_11	13.64	18.98	1.55	17.76	15.72			215.1239	3234242	R3_N5	4	13.665	4_Control	0.177742925223684	-0.844009107228881	-1.49796738526528	-0.970287723484914	-0.795481097303203	-0.903978221628552	-0.719986371486478	-0.339485525849778	-1.36149199815465	0.403159640776655	-0.213456845047786	-0.907227703831516
R3N5C301	Control	R3	N4	R3N4C231	2020_11_25	2020_12_11	12.92	20	1.89	18.27	15.79	84	96	271.9353	1067729	R3_N5	4	13.665	4_Control	-0.514055488968556	0.0980610976996689	-0.350251104883406	-1.01060619583929	0.991217425677618	0.545681759052978	0.335913143715747	-1.54891597105035	-1.28028640797564	0.0315838180302763	-0.298509502389998	-0.445726588586067
R3N5C303	Control	R3	N4	R3N4C231	2020_11_25	2020_12_11	14.68	19.63	2.03	18.05	15.73	75	95	326.0161	1152186	R3_N5	4	13.665	4_Control	-0.866156459301547	-0.910537853838517	-1.48343430992013	-1.10704137581525	-0.0829669286266787	-0.614085881124038	-0.0604121551956507	-1.10227730573777	-1.17056543715743	0.448697317891534	-0.180791946718009	-0.577537856686266
R3N5T290	Selection	R3	N4	R3N4T232	2020_11_25	2020_12_11	13.48	20.52	1.49	18.55	16.34	81	97	186.1102	88157	R3_N5	4	13.665	4_Selection	-0.677413626342589	-0.641720626494239	-0.220788245155216	-0.822867095421114	-0.954917875587846	0.432263888669322	-0.0806212868089356	0.802080068514405	-0.594391009415098	-1.14224908428535	-0.127527445197736	-1.21427704402767
R3N5T292	Selection	R3	N4	R3N4T232	2020_11_25	2020_12_11	15.59	21.27	1.26	19.47	17.64	83.5	100.5	218.7448	1815561	R3_N5	4	13.665	4_Selection	0.304543412570603	-0.241051935411398	-0.197411881868834	-0.85871391183792	-0.18378715376399	2.8141966838698	-1.09345150675097	1.96478470462328	-0.88989346304044	-0.527376401494079	-0.122911915137271	-1.17393145637342
R3N5T294	Selection	R3	N4	R3N4T232	2020_11_25	2020_12_11	12.38	20.99	1.53	18.84	16.96	83	97	242.6567	2642633	R3_N5	4	13.665	4_Selection	-0.118628389307672	-0.760268794277686	0.159709206376926	-0.816973825325104	0.163776621092703	1.11600746649616	-0.70033425984895	1.09266913542532	-0.988929116899693	-1.58366900958454	-0.21975067980833	-1.27650961672771
R3N5T296	Selection	R3	N4	R3N4T232	2020_11_25	2020_12_11	12.96	20.93	1.52	19.29	17.12	82	99	207.0439	2747210	R3_N5	4	13.665	4_Selection	-0.339484555134204	-0.574624011050204	0.357407690228444	-0.929419190754292	0.367489105851916	-0.120931483963799	-0.96894237973439	1.18462913690165	-1.26843684771523	-0.725866742688512	-0.169323440377331	0.0776988224370444
R3N5T298	Selection	R3	N4	R3N4T234	2020_11_25	2020_12_11	13.69	18.55	1.54	16.93	14.98	81.5	94.5	218.4386	1289567	R3_N5	4	13.665	4_Selection	-0.716646421373	-0.963078073436962	-1.5065663742672	-0.784593814805662	-0.145691556544141	-1.63438469883198	-0.585976303175662	-0.501778709384181	-1.25234918833146	-0.383974519495584	-0.203542323944773	-0.732236749918079
R3N5T300	Selection	R3	N4	R3N4T234	2020_11_25	2020_12_11	13.57	18.02	2.12	15.91	14.02	81	95	234.4021	1193443	R3_N5	4	13.665	4_Selection	0.0542827713566736	-1.25564956849739	-1.49388545559328	-0.780153685941141	0.129893765984948	-0.321793476772046	0.0330915481617704	-0.543440579443739	-0.770413222615471	-1.24102972187627	-0.271116226085666	-1.0246237604663
R3N5T302	Selection	R3	N4	R3N4T234	2020_11_25	2020_12_11	14.45	20.07	1.49	18.93	16.74	82.5	97.5	225.604	3257378	R3_N5	4	13.665	4_Selection	0.737424940793777	-0.891148610648641	-0.0450857180430231	-1.04508566120644	0.611533090642804	0.282413615589971	-0.996971497230825	0.675572548718628	-0.672847286161889	-0.645893279115854	-0.0916115394661962	-0.934131616236278
R3N5T304	Selection	R3	N4	R3N4T234	2020_11_25	2020_12_11	14.36	21.23	1.45	20.11	17.66	86.5	97.5	233.7809	3135590	R3_N5	4	13.665	4_Selection												
R4N1C067	Control	R4	N0	TSU201	2020_10_05	2020_10_21	11.04	19.3	1.36	18.05	15.95	84.5	93.5	250.4394	3128503	R4_N1	0	12.28	0_Control	-0.589777976068735	-0.110005632427485	0.0773371376274995	0.782345981315892	1.09863406139809	-0.304354325456567	-0.295409785506652	2.12718901367963	2.05475572664064	0.137405548499018	-0.139080049122701	0.282839375131563
R4N1C069	Control	R4	N0	TSU201	2020_10_05	2020_10_21	11.13	19.77	1.31	17.92	15.96	84	95	273.4188	2885150	R4_N1	0	12.28	0_Control	-0.464403006815325	-0.103942735429747	-0.466218011983574	0.592521767506963	0.890115877458284	-0.893738570990844	1.738100326712	-0.324053142863319	0.897418425598233	1.69926792934473	-0.0452340573391139	0.109715181584798
R4N1C071	Control	R4	N0	TSU201	2020_10_05	2020_10_21	16.02	20.61	1.34	19.39	16.99	86.5	97	259.3667	1382639	R4_N1	0	12.28	0_Control	-0.709454870475017	0.750320159033937	0.266011465007304	0.0897870960411626	0.96257220013902	-0.42934176095876	-0.800703673320166	1.52052403274715	1.06842811412514	-0.716603811797859	-0.0563257696116765	-0.209533690584944
R4N1C073	Control	R4	N0	TSU201	2020_10_05	2020_10_21	14.54	18.38	1.13	17.21	15.43	82	95	322.7344	1123770	R4_N1	0	12.28	0_Control	-0.944430567823728	-0.702440142823483	1.69178312152826	-0.889722934231485	-2.18478566571042	0.0578452926543879	-1.5679964554615	0.893793399152009	-0.19427511540885	-0.210589474919431	-0.0939872922666116	-1.35339445637262
R4N1C075	Control	R4	N0	TSU201	2020_10_05	2020_10_21	12.54	20.75	1.56	19.25	16.8	63.5	117.5	312.804	3050439	R4_N1	0	12.28	0_Control	-0.758232160738348	0.383476777902692	-0.349610474220683	-0.388245725848851	0.445766069404787	-0.577897699087549	-0.857891908722309	0.592993457785578	-0.930107705449641	-1.32268308565583	-0.115535357311931	-0.612367715130426
R4N1C077	Control	R4	N0	TSU201	2020_10_05	2020_10_21	15.7	19.33	1.52	17.75	15.39	83.5	97	176.9675	3603216	R4_N1	0	12.28	0_Control	-0.706902849300324	-0.188701309717976	-0.486611629410542	0.743489596366275	1.02436003166551	-0.786701181224167	3.14683768157218	-0.820465686782548	-0.826184138099102	0.166626362376846	-0.0736221575484239	-1.3474653515734
R4N1C079	Control	R4	N0	TSU201	2020_10_05	2020_10_21	11.69	21.41	1.69	19.46	17.52	86.5	95.5	187.3553	3032212	R4_N1	0	12.28	0_Control	-0.934742428124104	-1.00358972083174	-1.38896118554521	2.87245392235147	-2.50536776271471	-1.13054521604104	1.93363859809854	-0.346492770515177	0.328401712013322	1.27283526573818	-0.0850360790784961	0.75283058417953
R4N1T066	Selection	R4	N0	TSU201	2020_10_05	2020_10_21	11.04	19.78	1.42	18.4	15.79	78.5	95	218.5265	2401962	R4_N1	0	12.28	0_Selection	-0.859604112955308	-0.662085168574419	-0.919147911803105	0.0246949461649034	-0.982470014134346	-0.412261513836939	-1.26564792787547	0.383890309600771	0.511439984108647	0.268294332666977	-0.278434244948322	0.134445153351408
R4N1T068	Selection	R4	N0	TSU201	2020_10_05	2020_10_21	12.28	20.37	1.89	18.56	16.39	88	97	265.8333	2640560	R4_N1	0	12.28	0_Selection	-0.683637242726528	-0.591492904808683	0.106154146949072	-0.181863265740507	-1.08892285781456	-0.171004664044796	-0.910803699072752	1.11900047468057	1.51541870017611	-0.563489968453545	-0.128155555372254	-1.34661236255788
R4N1T070	Selection	R4	N0	TSU201	2020_10_05	2020_10_21	14.44	19.53	1.56	18.11	15.9	89	91.5	216.366	2969902	R4_N1	0	12.28	0_Selection	-0.723345210454775	0.19941618497521	-0.387238027127406	-0.137145982397007	0.852670070252801	-1.07089699713041	-0.661674200649011	1.7243019655509	1.8922769357227	-1.60589467016569	-0.137024842239511	-1.42151028399799
R4N1T072	Selection	R4	N0	TSU201	2020_10_05	2020_10_21	11.7	19.76	1.86	17.89	15.6	84.5	95	238.3225	2518817	R4_N1	0	12.28	0_Selection	-0.824850680070286	-0.617516736518517	0.111624189889132	0.382586280386218	0.26797556486157	-0.657997584686975	-0.522419206709734	1.113372484755	0.753683840911582	-0.0339624175185452	-0.146616638829257	0.518519728983145
R4N1T074	Selection	R4	N0	TSU201	2020_10_05	2020_10_21	13.7	19.95	1.37	18.74	16.54	86.5	98.5	258.0789	4170690	R4_N1	0	12.28	0_Selection	-0.894725451566278	-0.147519779073462	-0.180673256503202	1.19811033451648	-0.0449859445143192	-1.42719352210816	-1.29162883982781	1.24222121373934	0.37828753362646	-1.21230870354171	-0.233213467071387	-0.381499394971807
R4N1T076	Selection	R4	N0	TSU201	2020_10_05	2020_10_21	18.26	20.09	1.15	18.91	16.38	84	97	350.4131	3660075	R4_N1	0	12.28	0_Selection	-0.111626854188465	-0.0841773854020984	-0.690873665597408	-0.214679484084248	0.895866897971737	-1.49489964104327	-0.562502619532539	1.68581605981772	1.64599787309404	-0.565586436950632	-0.0562544710510138	-0.616826410530683
R4N1T078	Selection	R4	N0	TSU201	2020_10_05	2020_10_21	11.66	21.16	1.72	19.32	17.09	84	98.5	241.9374	1301044	R4_N1	0	12.28	0_Selection	-1.13836472246945	-0.836700470441105	-0.97183680252215	0.0947357260839342	0.301332241612211	-0.891890853443324	0.411672648556041	1.08376858388377	0.18522729895623	-0.122505734348379	-0.0721135753419671	-0.11979745895171
R4N1T080	Selection	R4	N0	TSU201	2020_10_05	2020_10_21	11.8	20.35	1.14	18.69	16.55	86	96	242.7961	2755420	R4_N1	0	12.28	0_Selection	-0.980105430659827	-1.14105756880827	-0.00241500130775375	-0.69576096876715	0.0380701961777483	-2.05129527152253	0.324874891130256	-0.361137692396818	1.08794981891381	0.276528830669724	-0.1834905689793	-0.660838043052987
R4N2C129	Control	R4	N1	R4N1C079	2020_10_21	2020_11_04	14.27	17.55	1.47	15.64	13.94	85	91	262.4406	2994200	R4_N2	1	14.155	1_Control												
R4N2C131	Control	R4	N1	R4N1C079	2020_10_21	2020_11_04	14.04	20.3	1.36	18.76	16.62	88	94	172.4007	1808717	R4_N2	1	14.155	1_Control												
R4N2C133	Control	R4	N1	R4N1C079	2020_10_21	2020_11_04	13.24	20.14	2.16	17.96	15.74	84	99	173.6427	3420572	R4_N2	1	14.155	1_Control												
R4N2C135	Control	R4	N1	R4N1C079	2020_10_21	2020_11_04	11.68	18.62	1.5	17.21	15.5	80	93	274.568	1960708	R4_N2	1	14.155	1_Control												
R4N2C137	Control	R4	N1	R4N1C071	2020_10_21	2020_11_04	12.54	18.33	1.53	16.63	14.78	81	92	289.8206	1248903	R4_N2	1	14.155	1_Control												
R4N2C139	Control	R4	N1	R4N1C071	2020_10_21	2020_11_04	17.2	20.73	1.53	19.11	16.52	87	96	294.7723	4275228	R4_N2	1	14.155	1_Control												
R4N2C141	Control	R4	N1	R4N1C071	2020_10_21	2020_11_04	15.68	21.12	1.52	19.72	17.18	85	99	248.4878	1363775	R4_N2	1	14.155	1_Control												
R4N2C143	Control	R4	N1	R4N1C071	2020_10_21	2020_11_04	16.54	19.27	1.57	17.7	15.74	86	96	287.0085	4657929	R4_N2	1	14.155	1_Control												
R4N2T130	Selection	R4	N1	R4N1T066	2020_10_21	2020_11_04	12.72	18.91	1.5	16.64	14.61	86	93.5	211.1507	2262233	R4_N2	1	14.155	1_Selection												
R4N2T132	Selection	R4	N1	R4N1T066	2020_10_21	2020_11_04	14.68	19.42	1.52	17.68	15.74	83.5	92.5	249.6989	3182145	R4_N2	1	14.155	1_Selection												
R4N2T134	Selection	R4	N1	R4N1T066	2020_10_21	2020_11_04	12.8	18.45	1.3	16.83	15.03	82.5	94.5	314.7032	3298787	R4_N2	1	14.155	1_Selection												
R4N2T136	Selection	R4	N1	R4N1T066	2020_10_21	2020_11_04	11.54	18.8	1.45	17.35	15.35	81.5	94	244.067	2240336	R4_N2	1	14.155	1_Selection												
R4N2T138	Selection	R4	N1	R4N1T070	2020_10_21	2020_11_04	16.64	18.23	1.72	16.33	14.51	81.5	93.5	244.9964	3984620	R4_N2	1	14.155	1_Selection												
R4N2T140	Selection	R4	N1	R4N1T070	2020_10_21	2020_11_04	18.36	21.5	1.43	20	17.65	84.5	96.5	287.4159	4358335	R4_N2	1	14.155	1_Selection												
R4N2T142	Selection	R4	N1	R4N1T070	2020_10_21	2020_11_04	19.64	22.11	1.6	20.02	17.8	87.5	98	144.6513	1090328	R4_N2	1	14.155	1_Selection												
R4N2T144	Selection	R4	N1	R4N1T070	2020_10_21	2020_11_04	12.4	18.38	1.45	16.91	14.95	81.5	97.5	265.5297	1293291	R4_N2	1	14.155	1_Selection												
R4N3C193	Control	R4	N2	R4N2C141	2020_11_04	2020_11_18	11.72	19.24	1.52	17.23	15.44	80	96.5	250.1585	3050082	R4_N3	2	13.04	2_Control												
R4N3C195	Control	R4	N2	R4N2C141	2020_11_04	2020_11_18	11.48	18.35	1.61	16.43	14.86	81	95	176.564	1959179	R4_N3	2	13.04	2_Control												
R4N3C197	Control	R4	N2	R4N2C141	2020_11_04	2020_11_18	10.8	19.15	1.59	17.41	15.64	81.5	97	192.3892	1321607	R4_N3	2	13.04	2_Control												
R4N3C199	Control	R4	N2	R4N2C141	2020_11_04	2020_11_18	15.92	21.08	1.98	18.81	16.83	81.5	96.5	523.3986	1107618	R4_N3	2	13.04	2_Control												
R4N3C201	Control	R4	N2	R4N2C137	2020_11_04	2020_11_18	13.04	19.95	1.85	17.92	16.07	83.5	94.5	202.4827	1607457	R4_N3	2	13.04	2_Control												
R4N3C203	Control	R4	N2	R4N2C137	2020_11_04	2020_11_18	15.66	18.91	1.48	17.46	15.38	82.5	95.5	375.3997	1335273	R4_N3	2	13.04	2_Control												
R4N3C205	Control	R4	N2	R4N2C137	2020_11_04	2020_11_18	11.07	17.76	1.69	16.5	14.42	81	93	219.7488	1101938	R4_N3	2	13.04	2_Control												
R4N3T194	Selection	R4	N2	R4N2T138	2020_11_04	2020_11_18	11.45	18.42	1.6	16.38	14.75	80	94	247.578	2601127	R4_N3	2	13.04	2_Selection												
R4N3T196	Selection	R4	N2	R4N2T138	2020_11_04	2020_11_18	10.52	19.88	1.55	17.62	16.07	81	94	232.4408	2240456	R4_N3	2	13.04	2_Selection												
R4N3T198	Selection	R4	N2	R4N2T138	2020_11_04	2020_11_18	13.97	20.05	2.27	17.61	15.75	83	103	326.0209	1802036	R4_N3	2	13.04	2_Selection												
R4N3T200	Selection	R4	N2	R4N2T138	2020_11_04	2020_11_18	14.29	20.31	1.87	18.28	16.02	82	99	235.1332	742834	R4_N3	2	13.04	2_Selection												
R4N3T202	Selection	R4	N2	R4N2T136	2020_11_04	2020_11_18	11.92	17.42	1.4	16.13	14.1	82	90.5	203.118	4276761	R4_N3	2	13.04	2_Selection												
R4N3T204	Selection	R4	N2	R4N2T136	2020_11_04	2020_11_18	13.56	19.24	1.57	17.71	15.83	82	94	205.62	1015920	R4_N3	2	13.04	2_Selection												
R4N3T206	Selection	R4	N2	R4N2T136	2020_11_04	2020_11_18	13.36	20.24	1.84	18.56	16.1	83.5	97	207.3275	3159846	R4_N3	2	13.04	2_Selection												
R4N3T208	Selection	R4	N2	R4N2T136	2020_11_04	2020_11_18	13.05	20.01	1.69	18.4	16.36	81	95.6	200.2358	3390627	R4_N3	2	13.04	2_Selection												
R4N4C257	Control	R4	N3	R4N3C201	2020_11_18	2020_12_03	11.6	18.53	1.5	16.46	14.77	80	92	195.7228	3374080	R4_N4	3	12.01	3_Control												
R4N4C259	Control	R4	N3	R4N3C201	2020_11_18	2020_12_02	11.02	17.82	1.88	15.5	14	81.5	93	178.853	4283230	R4_N4	3	12.01	3_Control												
R4N4C261	Control	R4	N3	R4N3C201	2020_11_18	2020_12_02	12.28	18.26	1.71	16.03	14.51	83	91	269.752	1121098	R4_N4	3	12.01	3_Control												
R4N4C263	Control	R4	N3	R4N3C201	2020_11_18	2020_12_02	11.74	19.8	1.66	17.98	15.9	81	96	219.0608	2414026	R4_N4	3	12.01	3_Control												
R4N4C265	Control	R4	N3	R4N3C203	2020_11_18	2020_12_02	12.77	19.14	1.65	17.24	15.7	82.5	93	240.0729	2909688	R4_N4	3	12.01	3_Control												
R4N4C267	Control	R4	N3	R4N3C203	2020_11_18	2020_12_02	13.25	19.76	1.67	18.27	15.9	81.5	96.5	297.1885	3343530	R4_N4	3	12.01	3_Control												
R4N4C269	Control	R4	N3	R4N3C203	2020_11_18	2020_12_02	10.8	18.88	1.78	17	15.34	80.5	89.5	251.7315	3417109	R4_N4	3	12.01	3_Control												
R4N4C271	Control	R4	N3	R4N3C203	2020_11_18	2020_12_02	13.1	20.02	1.93	18.39	16.15	82.5	95.5	249.9162	3186393	R4_N4	3	12.01	3_Control												
R4N4T258	Selection	R4	N3	R4N3T202	2020_11_18	2020_12_02	13.68	19.61	1.55	17.68	15.09	81	95	240.77	3453106	R4_N4	3	12.01	3_Selection												
R4N4T260	Selection	R4	N3	R4N3T202	2020_11_18	2020_12_02	13.85	21.39	1.71	19.13	17.18	84	97	173.559	1213462	R4_N4	3	12.01	3_Selection												
R4N4T262	Selection	R4	N3	R4N3T202	2020_11_18	2020_12_02	11.48	17.98	1.67	16	14.67	80.5	92.5	279.8773	2311569	R4_N4	3	12.01	3_Selection												
R4N4T264	Selection	R4	N3	R4N3T202	2020_11_18	2020_12_02	12.6	20.46	1.59	18.32	16.18	81	96	180.1883	3189882	R4_N4	3	12.01	3_Selection												
R4N4T266	Selection	R4	N3	R4N3T208	2020_11_18	2020_12_02	12.47	19.88	1.57	18.07	16.28	83.5	95.5	197.7763	4316857	R4_N4	3	12.01	3_Selection												
R4N4T268	Selection	R4	N3	R4N3T208	2020_11_18	2020_12_02	11.47	19.2	1.61	17.26	15.47	82.5	91.5	531.779	4161962	R4_N4	3	12.01	3_Selection												
R4N4T270	Selection	R4	N3	R4N3T208	2020_11_18	2020_12_02	9.38	17.73	1.81	15.89	14.45	77	89	169.1603	2230943	R4_N4	3	12.01	3_Selection												
R4N4T272	Selection	R4	N3	R4N3T208	2020_11_18	2020_12_02	8.03	17.12	1.7	15.38	13.92	73.5	90.5	168.2133	3202400	R4_N4	3	12.01	3_Selection												
R4N5C305	Control	R4	N4	R4N4C265	2020_12_02	2020_12_18	13.88	20.69	1.51	18.66	16.78	85	98	252.2413	933106	R4_N5	4	13.895	4_Control	-0.939369032510409	-0.623280893315621	-0.0367633433427462	-1.11941598469192	-0.495712409093644	1.00000161707605	0.29065279681453	-1.69009144152161	1.38219402582533	2.49094094541311	-0.296383447741907	0.070512504437239
R4N5C307	Control	R4	N4	R4N4C265	2020_12_02	2020_12_18	15.11	20.15	1.59	17.94	15.65	84.5	97.5	383.0413	2052272	R4_N5	4	13.895	4_Control	0.611037531226805	-0.578273593875594	1.17084722623853	-0.67485233113318	1.71712617247829	0.264763059686891	1.21630380439036	1.4595694428974	0.602277687538425	-1.49397420011663	-0.0283563568795722	-1.68755136418397
R4N5C309	Control	R4	N4	R4N4C265	2020_12_02	2020_12_18	12.93	20.62	2.06	18.19	16.35	83.5	98.5	238.0564	2358162	R4_N5	4	13.895	4_Control	-0.707223184456129	-0.0990425060806953	-0.476974991199165	0.179672315433389	-0.671828236165432	0.790917298452958	0.0675744363572643	-0.733494587563808	0.775796337591848	-0.662232432213858	0.00231867889426167	0.19572934528539
R4N5C311	Control	R4	N4	R4N4C265	2020_12_02	2020_12_18	14.12	18.72	1.42	17	15.16	83.5	96.5	222.3676	2541761	R4_N5	4	13.895	4_Control	-0.577478385294464	-0.868013475722246	0.0736756976601428	-0.0987421807333614	1.37489332794354	0.416656219581727	-0.519316174512407	0.393208006877733	0.169562541857468	-1.04269227321861	-0.220439544039868	-0.765784499654524
R4N5C313	Control	R4	N4	R4N4C267	2020_12_02	2020_12_18	12.84	19.3	1.98	17.16	15.12	81	97	263.8983	3299818	R4_N5	4	13.895	4_Control	-1.69987147581973	-1.09335116648982	-1.47176418934703	-1.01102483882628	-0.970018389303646	-2.86332473183826	-0.732522991846298	-1.54859267924152	-1.13177734593913	2.62525684979572	-0.244476319118371	-0.532871698609579
R4N5C315	Control	R4	N4	R4N4C267	2020_12_02	2020_12_18	16.73	21.43	1.65	19.94	17.32	85	99	291.5619	3432285	R4_N5	4	13.895	4_Control	-0.237840504586065	1.15634483514243	-0.123459253071612	-0.698781362341994	1.08928077933269	2.37932017555643	0.349419521488948	0.771858254101063	-0.528446667958068	-1.72211052859417	0.177438190526184	-0.326445674033976
R4N5C317	Control	R4	N4	R4N4C267	2020_12_02	2020_12_18	13.64	20.18	1.87	18.31	16.12	82	96	195.4665	1071631	R4_N5	4	13.895	4_Control	-0.555433356934963	0.0671855334265997	-1.0039430412361	-0.687418446724778	0.42572582547773	0.307422571043855	0.432900695792603	-0.854403483010046	-0.9684272779323	0.202703406825334	0.106112180500641	-0.86552943228249
R4N5C319	Control	R4	N4	R4N4C267	2020_12_02	2020_12_18	15.05	20.72	1.7	18.85	16.45	82	99	297.6918	2701658	R4_N5	4	13.895	4_Control	-1.03018511518806	-0.647927530418332	-0.0022519316845153	-0.922726418907448	-0.799361366681999	0.298965351242788	-0.941807686290717	-1.32126683876288	-1.36149199815465	0.27136635821052	-0.330922901161874	-0.532392946933911
R4N5T306	Selection	R4	N4	R4N4T270	2020_12_02	2020_12_18	12.92	19.54	1.37	17.59	15.92	84.5	96.5	195.3021	3137422	R4_N5	4	13.895	4_Selection	1.2673850773404	0.6672053405097	-0.00739195276802128	-1.08285221608844	0.274080844070903	0.662789192182016	-0.858787609611693	-1.46972056725523	-0.0714565169629614	0.298825575425469	-0.173473084354801	-0.864545443072927
R4N5T308	Selection	R4	N4	R4N4T270	2020_12_02	2020_12_18	11.46	17.68	1.28	16.32	14.84	79	97	186.6657	3559464	R4_N5	4	13.895	4_Selection	1.58904234854218	-0.391898391998664	0.326241008486994	-0.193432684548077	-0.338273782463967	0.528945217102176	-0.469002427475825	-1.08309517052472	0.970631147829588	-1.46362389562745	-0.18339379991394	0.229793421586344
R4N5T310	Selection	R4	N4	R4N4T270	2020_12_02	2020_12_18	12.88	18.22	1.29	16.75	15.18	82	97.5	215.5037	2740004	R4_N5	4	13.895	4_Selection	0.648680909560697	-0.949477178382056	0.42170246512351	-0.685478626772382	0.260327271172057	0.415663447057598	-0.15865164557905	-1.46574114531288	-0.181992398813981	-0.445750191440381	-0.350055727625955	-0.437821769835402
R4N5T312	Selection	R4	N4	R4N4T270	2020_12_02	2020_12_18	14.28	20.07	1.6	18.24	16.45	86	94	216.1805	712116	R4_N5	4	13.895	4_Selection	-1.0049539246362	0.464090303379606	-0.719138789629449	-0.610289263804895	-1.08592918239123	0.52198820992195	-1.27460525597846	-0.538013511880529	-1.00963935062395	-0.666767236438727	-0.28316255389947	-0.671433040050283
R4N5T314	Selection	R4	N4	R4N4T272	2020_12_02	2020_12_18	13.91	19.74	1.38	18.51	16.4	85	96	172	1269234	R4_N5	4	13.895	4_Selection	-0.977511035699965	0.540415800109607	-1.0307104484309	-0.699461616257197	-0.0453596211333685	0.507546029524825	0.0607356994170808	-0.455587121942878	-1.13341998629021	-0.0966704369758656	-0.215838204572939	-1.89337547587696
R4N5T316	Selection	R4	N4	R4N4T272	2020_12_02	2020_12_18	14.98	20.46	2.1	18.47	16.37	83	96	409.1278	1435233	R4_N5	4	13.895	4_Selection	-0.746529800483343	0.167104088851194	-0.768798551165124	-0.727035583911715	-0.250468301929281	1.17530645331844	-0.33447970926182	1.13139058398946	-0.441916660145745	-1.18391174940652	-0.0322141994870623	-1.14679555911098
R4N5T318	Selection	R4	N4	R4N4T272	2020_12_02	2020_12_18	15.78	20.73	1.88	19.22	16.72	84.5	96.5	337.8678	3557779	R4_N5	4	13.895	4_Selection	-0.401724716500496	-0.133907815340381	-1.03544054215581	-0.783744772973935	-1.83815963446046	1.05489772338596	-1.12360639761621	-0.541821608870047	-1.12149375760743	-1.20247423476417	-0.323933851437062	-0.975646964615422
R4N5T320	Selection	R4	N4	R4N4T272	2020_12_02	2020_12_18	12.87	20.21	1.8	18.69	16.43	78	100	242.7965	1312924	R4_N5	4	13.895	4_Selection	-0.918600414490944	-0.196742419136717	-1.26321500631257	-0.912414083961827	-1.54833008126658	-0.382795444994452	-0.236854377292952	0.0331137125973598	0.253081869435769	-0.984883511172059	-0.172688229875535	-0.594393721040297
